first_name,middle_name,last_name,employee_id,other_id,driver's_license_no,license_expiry_date,gender,marital_status,nationality,date_of_birth,address_street_1,address_street_2,city,state/province,zip/postal_code,country,home_telephone,mobile,work_telephone,work_email,other_email
User1,Password1,,,,,,,,,,,,,,,,,,,,
User2,Password2,,,,,,,,,,,,,,,,,,,,
User3,Password3,,,,,,,,,,,,,,,,,,,,
User4,Password4,,,,,,,,,,,,,,,,,,,,
User5,Password5,,,,,,,,,,,,,,,,,,,,
User6,Password6,,,,,,,,,,,,,,,,,,,,
User7,Password7,,,,,,,,,,,,,,,,,,,,
User8,Password8,,,,,,,,,,,,,,,,,,,,
User9,Password9,,,,,,,,,,,,,,,,,,,,
User10,Password10,,,,,,,,,,,,,,,,,,,,
User11,Password11,,,,,,,,,,,,,,,,,,,,
User12,Password12,,,,,,,,,,,,,,,,,,,,
User13,Password13,,,,,,,,,,,,,,,,,,,,
User14,Password14,,,,,,,,,,,,,,,,,,,,
User15,Password15,,,,,,,,,,,,,,,,,,,,
User16,Password16,,,,,,,,,,,,,,,,,,,,
User17,Password17,,,,,,,,,,,,,,,,,,,,
User18,Password18,,,,,,,,,,,,,,,,,,,,
User19,Password19,,,,,,,,,,,,,,,,,,,,
User20,Password20,,,,,,,,,,,,,,,,,,,,
User21,Password21,,,,,,,,,,,,,,,,,,,,
User22,Password22,,,,,,,,,,,,,,,,,,,,
User23,Password23,,,,,,,,,,,,,,,,,,,,
User24,Password24,,,,,,,,,,,,,,,,,,,,
User25,Password25,,,,,,,,,,,,,,,,,,,,
User26,Password26,,,,,,,,,,,,,,,,,,,,
User27,Password27,,,,,,,,,,,,,,,,,,,,
User28,Password28,,,,,,,,,,,,,,,,,,,,
User29,Password29,,,,,,,,,,,,,,,,,,,,
User30,Password30,,,,,,,,,,,,,,,,,,,,
User31,Password31,,,,,,,,,,,,,,,,,,,,
User32,Password32,,,,,,,,,,,,,,,,,,,,
User33,Password33,,,,,,,,,,,,,,,,,,,,
User34,Password34,,,,,,,,,,,,,,,,,,,,
User35,Password35,,,,,,,,,,,,,,,,,,,,
User36,Password36,,,,,,,,,,,,,,,,,,,,
User37,Password37,,,,,,,,,,,,,,,,,,,,
User38,Password38,,,,,,,,,,,,,,,,,,,,
User39,Password39,,,,,,,,,,,,,,,,,,,,
User40,Password40,,,,,,,,,,,,,,,,,,,,
User41,Password41,,,,,,,,,,,,,,,,,,,,
User42,Password42,,,,,,,,,,,,,,,,,,,,
User43,Password43,,,,,,,,,,,,,,,,,,,,
User44,Password44,,,,,,,,,,,,,,,,,,,,
User45,Password45,,,,,,,,,,,,,,,,,,,,
User46,Password46,,,,,,,,,,,,,,,,,,,,
User47,Password47,,,,,,,,,,,,,,,,,,,,
User48,Password48,,,,,,,,,,,,,,,,,,,,
User49,Password49,,,,,,,,,,,,,,,,,,,,
User50,Password50,,,,,,,,,,,,,,,,,,,,
User51,Password51,,,,,,,,,,,,,,,,,,,,
User52,Password52,,,,,,,,,,,,,,,,,,,,
User53,Password53,,,,,,,,,,,,,,,,,,,,
User54,Password54,,,,,,,,,,,,,,,,,,,,
User55,Password55,,,,,,,,,,,,,,,,,,,,
User56,Password56,,,,,,,,,,,,,,,,,,,,
User57,Password57,,,,,,,,,,,,,,,,,,,,
User58,Password58,,,,,,,,,,,,,,,,,,,,
User59,Password59,,,,,,,,,,,,,,,,,,,,
User60,Password60,,,,,,,,,,,,,,,,,,,,
User61,Password61,,,,,,,,,,,,,,,,,,,,
User62,Password62,,,,,,,,,,,,,,,,,,,,
User63,Password63,,,,,,,,,,,,,,,,,,,,
User64,Password64,,,,,,,,,,,,,,,,,,,,
User65,Password65,,,,,,,,,,,,,,,,,,,,
User66,Password66,,,,,,,,,,,,,,,,,,,,
User67,Password67,,,,,,,,,,,,,,,,,,,,
User68,Password68,,,,,,,,,,,,,,,,,,,,
User69,Password69,,,,,,,,,,,,,,,,,,,,
User70,Password70,,,,,,,,,,,,,,,,,,,,
User71,Password71,,,,,,,,,,,,,,,,,,,,
User72,Password72,,,,,,,,,,,,,,,,,,,,
User73,Password73,,,,,,,,,,,,,,,,,,,,
User74,Password74,,,,,,,,,,,,,,,,,,,,
User75,Password75,,,,,,,,,,,,,,,,,,,,
User76,Password76,,,,,,,,,,,,,,,,,,,,
User77,Password77,,,,,,,,,,,,,,,,,,,,
User78,Password78,,,,,,,,,,,,,,,,,,,,
User79,Password79,,,,,,,,,,,,,,,,,,,,
User80,Password80,,,,,,,,,,,,,,,,,,,,
User81,Password81,,,,,,,,,,,,,,,,,,,,
User82,Password82,,,,,,,,,,,,,,,,,,,,
User83,Password83,,,,,,,,,,,,,,,,,,,,
User84,Password84,,,,,,,,,,,,,,,,,,,,
User85,Password85,,,,,,,,,,,,,,,,,,,,
User86,Password86,,,,,,,,,,,,,,,,,,,,
User87,Password87,,,,,,,,,,,,,,,,,,,,
User88,Password88,,,,,,,,,,,,,,,,,,,,
User89,Password89,,,,,,,,,,,,,,,,,,,,
User90,Password90,,,,,,,,,,,,,,,,,,,,
User91,Password91,,,,,,,,,,,,,,,,,,,,
User92,Password92,,,,,,,,,,,,,,,,,,,,
User93,Password93,,,,,,,,,,,,,,,,,,,,
User94,Password94,,,,,,,,,,,,,,,,,,,,
User95,Password95,,,,,,,,,,,,,,,,,,,,
User96,Password96,,,,,,,,,,,,,,,,,,,,
User97,Password97,,,,,,,,,,,,,,,,,,,,
User98,Password98,,,,,,,,,,,,,,,,,,,,
User99,Password99,,,,,,,,,,,,,,,,,,,,
User100,Password100,,,,,,,,,,,,,,,,,,,,
User101,Password101,,,,,,,,,,,,,,,,,,,,
User102,Password102,,,,,,,,,,,,,,,,,,,,
User103,Password103,,,,,,,,,,,,,,,,,,,,
User104,Password104,,,,,,,,,,,,,,,,,,,,
User105,Password105,,,,,,,,,,,,,,,,,,,,
User106,Password106,,,,,,,,,,,,,,,,,,,,
User107,Password107,,,,,,,,,,,,,,,,,,,,
User108,Password108,,,,,,,,,,,,,,,,,,,,
User109,Password109,,,,,,,,,,,,,,,,,,,,
User110,Password110,,,,,,,,,,,,,,,,,,,,
User111,Password111,,,,,,,,,,,,,,,,,,,,
User112,Password112,,,,,,,,,,,,,,,,,,,,
User113,Password113,,,,,,,,,,,,,,,,,,,,
User114,Password114,,,,,,,,,,,,,,,,,,,,
User115,Password115,,,,,,,,,,,,,,,,,,,,
User116,Password116,,,,,,,,,,,,,,,,,,,,
User117,Password117,,,,,,,,,,,,,,,,,,,,
User118,Password118,,,,,,,,,,,,,,,,,,,,
User119,Password119,,,,,,,,,,,,,,,,,,,,
User120,Password120,,,,,,,,,,,,,,,,,,,,
User121,Password121,,,,,,,,,,,,,,,,,,,,
User122,Password122,,,,,,,,,,,,,,,,,,,,
User123,Password123,,,,,,,,,,,,,,,,,,,,
User124,Password124,,,,,,,,,,,,,,,,,,,,
User125,Password125,,,,,,,,,,,,,,,,,,,,
User126,Password126,,,,,,,,,,,,,,,,,,,,
User127,Password127,,,,,,,,,,,,,,,,,,,,
User128,Password128,,,,,,,,,,,,,,,,,,,,
User129,Password129,,,,,,,,,,,,,,,,,,,,
User130,Password130,,,,,,,,,,,,,,,,,,,,
User131,Password131,,,,,,,,,,,,,,,,,,,,
User132,Password132,,,,,,,,,,,,,,,,,,,,
User133,Password133,,,,,,,,,,,,,,,,,,,,
User134,Password134,,,,,,,,,,,,,,,,,,,,
User135,Password135,,,,,,,,,,,,,,,,,,,,
User136,Password136,,,,,,,,,,,,,,,,,,,,
User137,Password137,,,,,,,,,,,,,,,,,,,,
User138,Password138,,,,,,,,,,,,,,,,,,,,
User139,Password139,,,,,,,,,,,,,,,,,,,,
User140,Password140,,,,,,,,,,,,,,,,,,,,
User141,Password141,,,,,,,,,,,,,,,,,,,,
User142,Password142,,,,,,,,,,,,,,,,,,,,
User143,Password143,,,,,,,,,,,,,,,,,,,,
User144,Password144,,,,,,,,,,,,,,,,,,,,
User145,Password145,,,,,,,,,,,,,,,,,,,,
User146,Password146,,,,,,,,,,,,,,,,,,,,
User147,Password147,,,,,,,,,,,,,,,,,,,,
User148,Password148,,,,,,,,,,,,,,,,,,,,
User149,Password149,,,,,,,,,,,,,,,,,,,,
User150,Password150,,,,,,,,,,,,,,,,,,,,
User151,Password151,,,,,,,,,,,,,,,,,,,,
User152,Password152,,,,,,,,,,,,,,,,,,,,
User153,Password153,,,,,,,,,,,,,,,,,,,,
User154,Password154,,,,,,,,,,,,,,,,,,,,
User155,Password155,,,,,,,,,,,,,,,,,,,,
User156,Password156,,,,,,,,,,,,,,,,,,,,
User157,Password157,,,,,,,,,,,,,,,,,,,,
User158,Password158,,,,,,,,,,,,,,,,,,,,
User159,Password159,,,,,,,,,,,,,,,,,,,,
User160,Password160,,,,,,,,,,,,,,,,,,,,
User161,Password161,,,,,,,,,,,,,,,,,,,,
User162,Password162,,,,,,,,,,,,,,,,,,,,
User163,Password163,,,,,,,,,,,,,,,,,,,,
User164,Password164,,,,,,,,,,,,,,,,,,,,
User165,Password165,,,,,,,,,,,,,,,,,,,,
User166,Password166,,,,,,,,,,,,,,,,,,,,
User167,Password167,,,,,,,,,,,,,,,,,,,,
User168,Password168,,,,,,,,,,,,,,,,,,,,
User169,Password169,,,,,,,,,,,,,,,,,,,,
User170,Password170,,,,,,,,,,,,,,,,,,,,
User171,Password171,,,,,,,,,,,,,,,,,,,,
User172,Password172,,,,,,,,,,,,,,,,,,,,
User173,Password173,,,,,,,,,,,,,,,,,,,,
User174,Password174,,,,,,,,,,,,,,,,,,,,
User175,Password175,,,,,,,,,,,,,,,,,,,,
User176,Password176,,,,,,,,,,,,,,,,,,,,
User177,Password177,,,,,,,,,,,,,,,,,,,,
User178,Password178,,,,,,,,,,,,,,,,,,,,
User179,Password179,,,,,,,,,,,,,,,,,,,,
User180,Password180,,,,,,,,,,,,,,,,,,,,
User181,Password181,,,,,,,,,,,,,,,,,,,,
User182,Password182,,,,,,,,,,,,,,,,,,,,
User183,Password183,,,,,,,,,,,,,,,,,,,,
User184,Password184,,,,,,,,,,,,,,,,,,,,
User185,Password185,,,,,,,,,,,,,,,,,,,,
User186,Password186,,,,,,,,,,,,,,,,,,,,
User187,Password187,,,,,,,,,,,,,,,,,,,,
User188,Password188,,,,,,,,,,,,,,,,,,,,
User189,Password189,,,,,,,,,,,,,,,,,,,,
User190,Password190,,,,,,,,,,,,,,,,,,,,
User191,Password191,,,,,,,,,,,,,,,,,,,,
User192,Password192,,,,,,,,,,,,,,,,,,,,
User193,Password193,,,,,,,,,,,,,,,,,,,,
User194,Password194,,,,,,,,,,,,,,,,,,,,
User195,Password195,,,,,,,,,,,,,,,,,,,,
User196,Password196,,,,,,,,,,,,,,,,,,,,
User197,Password197,,,,,,,,,,,,,,,,,,,,
User198,Password198,,,,,,,,,,,,,,,,,,,,
User199,Password199,,,,,,,,,,,,,,,,,,,,
User200,Password200,,,,,,,,,,,,,,,,,,,,
User201,Password201,,,,,,,,,,,,,,,,,,,,
User202,Password202,,,,,,,,,,,,,,,,,,,,
User203,Password203,,,,,,,,,,,,,,,,,,,,
User204,Password204,,,,,,,,,,,,,,,,,,,,
User205,Password205,,,,,,,,,,,,,,,,,,,,
User206,Password206,,,,,,,,,,,,,,,,,,,,
User207,Password207,,,,,,,,,,,,,,,,,,,,
User208,Password208,,,,,,,,,,,,,,,,,,,,
User209,Password209,,,,,,,,,,,,,,,,,,,,
User210,Password210,,,,,,,,,,,,,,,,,,,,
User211,Password211,,,,,,,,,,,,,,,,,,,,
User212,Password212,,,,,,,,,,,,,,,,,,,,
User213,Password213,,,,,,,,,,,,,,,,,,,,
User214,Password214,,,,,,,,,,,,,,,,,,,,
User215,Password215,,,,,,,,,,,,,,,,,,,,
User216,Password216,,,,,,,,,,,,,,,,,,,,
User217,Password217,,,,,,,,,,,,,,,,,,,,
User218,Password218,,,,,,,,,,,,,,,,,,,,
User219,Password219,,,,,,,,,,,,,,,,,,,,
User220,Password220,,,,,,,,,,,,,,,,,,,,
User221,Password221,,,,,,,,,,,,,,,,,,,,
User222,Password222,,,,,,,,,,,,,,,,,,,,
User223,Password223,,,,,,,,,,,,,,,,,,,,
User224,Password224,,,,,,,,,,,,,,,,,,,,
User225,Password225,,,,,,,,,,,,,,,,,,,,
User226,Password226,,,,,,,,,,,,,,,,,,,,
User227,Password227,,,,,,,,,,,,,,,,,,,,
User228,Password228,,,,,,,,,,,,,,,,,,,,
User229,Password229,,,,,,,,,,,,,,,,,,,,
User230,Password230,,,,,,,,,,,,,,,,,,,,
User231,Password231,,,,,,,,,,,,,,,,,,,,
User232,Password232,,,,,,,,,,,,,,,,,,,,
User233,Password233,,,,,,,,,,,,,,,,,,,,
User234,Password234,,,,,,,,,,,,,,,,,,,,
User235,Password235,,,,,,,,,,,,,,,,,,,,
User236,Password236,,,,,,,,,,,,,,,,,,,,
User237,Password237,,,,,,,,,,,,,,,,,,,,
User238,Password238,,,,,,,,,,,,,,,,,,,,
User239,Password239,,,,,,,,,,,,,,,,,,,,
User240,Password240,,,,,,,,,,,,,,,,,,,,
User241,Password241,,,,,,,,,,,,,,,,,,,,
User242,Password242,,,,,,,,,,,,,,,,,,,,
User243,Password243,,,,,,,,,,,,,,,,,,,,
User244,Password244,,,,,,,,,,,,,,,,,,,,
User245,Password245,,,,,,,,,,,,,,,,,,,,
User246,Password246,,,,,,,,,,,,,,,,,,,,
User247,Password247,,,,,,,,,,,,,,,,,,,,
User248,Password248,,,,,,,,,,,,,,,,,,,,
User249,Password249,,,,,,,,,,,,,,,,,,,,
User250,Password250,,,,,,,,,,,,,,,,,,,,
User251,Password251,,,,,,,,,,,,,,,,,,,,
User252,Password252,,,,,,,,,,,,,,,,,,,,
User253,Password253,,,,,,,,,,,,,,,,,,,,
User254,Password254,,,,,,,,,,,,,,,,,,,,
User255,Password255,,,,,,,,,,,,,,,,,,,,
User256,Password256,,,,,,,,,,,,,,,,,,,,
User257,Password257,,,,,,,,,,,,,,,,,,,,
User258,Password258,,,,,,,,,,,,,,,,,,,,
User259,Password259,,,,,,,,,,,,,,,,,,,,
User260,Password260,,,,,,,,,,,,,,,,,,,,
User261,Password261,,,,,,,,,,,,,,,,,,,,
User262,Password262,,,,,,,,,,,,,,,,,,,,
User263,Password263,,,,,,,,,,,,,,,,,,,,
User264,Password264,,,,,,,,,,,,,,,,,,,,
User265,Password265,,,,,,,,,,,,,,,,,,,,
User266,Password266,,,,,,,,,,,,,,,,,,,,
User267,Password267,,,,,,,,,,,,,,,,,,,,
User268,Password268,,,,,,,,,,,,,,,,,,,,
User269,Password269,,,,,,,,,,,,,,,,,,,,
User270,Password270,,,,,,,,,,,,,,,,,,,,
User271,Password271,,,,,,,,,,,,,,,,,,,,
User272,Password272,,,,,,,,,,,,,,,,,,,,
User273,Password273,,,,,,,,,,,,,,,,,,,,
User274,Password274,,,,,,,,,,,,,,,,,,,,
User275,Password275,,,,,,,,,,,,,,,,,,,,
User276,Password276,,,,,,,,,,,,,,,,,,,,
User277,Password277,,,,,,,,,,,,,,,,,,,,
User278,Password278,,,,,,,,,,,,,,,,,,,,
User279,Password279,,,,,,,,,,,,,,,,,,,,
User280,Password280,,,,,,,,,,,,,,,,,,,,
User281,Password281,,,,,,,,,,,,,,,,,,,,
User282,Password282,,,,,,,,,,,,,,,,,,,,
User283,Password283,,,,,,,,,,,,,,,,,,,,
User284,Password284,,,,,,,,,,,,,,,,,,,,
User285,Password285,,,,,,,,,,,,,,,,,,,,
User286,Password286,,,,,,,,,,,,,,,,,,,,
User287,Password287,,,,,,,,,,,,,,,,,,,,
User288,Password288,,,,,,,,,,,,,,,,,,,,
User289,Password289,,,,,,,,,,,,,,,,,,,,
User290,Password290,,,,,,,,,,,,,,,,,,,,
User291,Password291,,,,,,,,,,,,,,,,,,,,
User292,Password292,,,,,,,,,,,,,,,,,,,,
User293,Password293,,,,,,,,,,,,,,,,,,,,
User294,Password294,,,,,,,,,,,,,,,,,,,,
User295,Password295,,,,,,,,,,,,,,,,,,,,
User296,Password296,,,,,,,,,,,,,,,,,,,,
User297,Password297,,,,,,,,,,,,,,,,,,,,
User298,Password298,,,,,,,,,,,,,,,,,,,,
User299,Password299,,,,,,,,,,,,,,,,,,,,
User300,Password300,,,,,,,,,,,,,,,,,,,,
User301,Password301,,,,,,,,,,,,,,,,,,,,
User302,Password302,,,,,,,,,,,,,,,,,,,,
User303,Password303,,,,,,,,,,,,,,,,,,,,
User304,Password304,,,,,,,,,,,,,,,,,,,,
User305,Password305,,,,,,,,,,,,,,,,,,,,
User306,Password306,,,,,,,,,,,,,,,,,,,,
User307,Password307,,,,,,,,,,,,,,,,,,,,
User308,Password308,,,,,,,,,,,,,,,,,,,,
User309,Password309,,,,,,,,,,,,,,,,,,,,
User310,Password310,,,,,,,,,,,,,,,,,,,,
User311,Password311,,,,,,,,,,,,,,,,,,,,
User312,Password312,,,,,,,,,,,,,,,,,,,,
User313,Password313,,,,,,,,,,,,,,,,,,,,
User314,Password314,,,,,,,,,,,,,,,,,,,,
User315,Password315,,,,,,,,,,,,,,,,,,,,
User316,Password316,,,,,,,,,,,,,,,,,,,,
User317,Password317,,,,,,,,,,,,,,,,,,,,
User318,Password318,,,,,,,,,,,,,,,,,,,,
User319,Password319,,,,,,,,,,,,,,,,,,,,
User320,Password320,,,,,,,,,,,,,,,,,,,,
User321,Password321,,,,,,,,,,,,,,,,,,,,
User322,Password322,,,,,,,,,,,,,,,,,,,,
User323,Password323,,,,,,,,,,,,,,,,,,,,
User324,Password324,,,,,,,,,,,,,,,,,,,,
User325,Password325,,,,,,,,,,,,,,,,,,,,
User326,Password326,,,,,,,,,,,,,,,,,,,,
User327,Password327,,,,,,,,,,,,,,,,,,,,
